Issue_Category,Count,Claimed,Approved,Loss
Documentation Issue,839,19796445.22,0.0,19796445.22
Major Partial Denial,2023,24560957.39,7170483.47,17390473.92
Complete Rejection,2933,13635742.55,474.42,13635268.13
Minor Partial Denial,3404,43849069.41,30636469.63,13212599.779999997
Technical Error,754,10199132.12,0.0,10199132.12
Cancelled Claim,215,1158928.84,175420.11,983508.7300000001
Other Status,833,1168695.51,363138.27,805557.24
Fully Approved,8926,59589650.85,58974566.22,615084.6300000027
